,City,Shootings,Lat,Lng
0,"Mesquite, TX",4.0,32.7667955,-96.5991593
1,"St. Pauls, PA",4.0,40.2378775,-75.1308225
2,"Zanesville, OH",4.0,39.9403453,-82.0131924
3,"South Bend, IN",4.0,41.6763545,-86.2519898
4,"Rock Hill, SC",4.0,34.9248667,-81.0250784
5,"Lunenburg, VA",4.0,36.9612967,-78.2660275
6,"St. Petersburg, FL",12.0,27.7518284,-82.6267345
7,"KS City, KS",5.0,39.114053,-94.6274636
8,"Fayette County, GA",5.0,33.4502206,-84.4802606
9,"Norwalk, CA",4.0,33.9022367,-118.081733
10,"Milledgeville, GA",4.0,33.0801429,-83.2320991
11,"Seat Pleasant, MD",4.0,38.8962231,-76.9066399
12,"Haw River, NC",4.0,36.091526,-79.3641862
13,"Pittsfield, MA",5.0,42.4500845,-73.2453824
14,"Warrensville Heights, OH",6.0,41.4323067,-81.5102655
15,"St. Joseph County, IN",4.0,41.6228085,-86.3376761
16,"Reading, PA",4.0,40.3356483,-75.9268747
17,"Ross Township, PA",7.0,40.5367715,-80.0199562
18,"Windsor, CA",4.0,38.5471327,-122.8163802
19,"Bakersfield, CA",17.0,35.3732921,-119.0187125
20,"Franklin, IL",5.0,39.6203259,-90.0440001
21,"Fort Lauderdale, Fl",6.0,26.1224386,-80.1373174
22,"Williston, FL",5.0,29.38747,-82.4467705
23,"Smith County, TX",4.0,32.3352505,-95.3102505
24,"Winchester, KY",4.0,37.990079,-84.1796503
25,"Greenwood, SC",5.0,34.1954001,-82.1617883
26,"Troup County, GA",5.0,33.0698575,-85.023346
27,"Alturas, Ca",6.0,41.4871146,-120.5424555
28,"San Antonio, TX",15.0,29.4241219,-98.4936282
29,"Stockton, Ca",4.0,37.9577016,-121.2907796
30,"Queens, NY",13.0,40.7282239,-73.7948516
31,"Glade Spring, VA",5.0,36.791225,-81.7712324
32,"Portsmouth, VA",10.0,36.8354258,-76.2982742
33,"Palm Springs, FL",4.0,26.6359009,-80.0961538
34,"Stockton, CA",41.0,37.9577016,-121.2907796
35,"Wrightsville, GA",6.0,32.7293279,-82.719859
36,"Danville, IL",4.0,40.124481,-87.6300207
37,"Fort Pierce, FL",4.0,27.4467056,-80.3256056
38,"Huntsville, AL",5.0,34.7303688,-86.5861037
39,"Dinwiddie, VA",4.0,37.0774889,-77.5857056
40,"Guilderland, NY",4.0,,
41,"Fayetteville, NC",14.0,35.0526641,-78.8783585
42,"DeKalb, GA",13.0,33.7956441,-84.2278796
43,"Memphis, TN",58.0,35.1495343,-90.0489801
44,"Perry, FL",4.0,30.1174351,-83.5818147
45,"Pasadena, CA",5.0,34.1477849,-118.1445155
46,"Lansing, MI",9.0,42.732535,-84.5555347
47,"Jackson, MS",9.0,,
48,"Rocky MOunt, NC",4.0,35.9382103,-77.7905339
49,"York City, PA",4.0,,-76.727745
50,"Roswell, NM",4.0,33.3942655,-104.5230242
51,"MOncks Corner, SC",5.0,33.1960027,-80.0131374
52,"San Bernardino, CA",9.0,34.1083449,-117.2897652
53,"Virginia Beach, VA",9.0,36.8529263,-75.977985
54,"Walterboro, SC",7.0,32.9051704,-80.6667688
55,"Aiken, SC",4.0,33.5604168,-81.7195533
56,"Panama City Beach, FL",7.0,30.1765914,-85.8054879
57,"Elburn, IL",10.0,41.8922499,-88.4723014
58,"Indianapolis, IN",46.0,39.768403,-86.158068
59,"Manassas, VA",4.0,38.7509488,-77.4752667
60,"Terrell, TX",5.0,32.7359626,-96.2752569
61,"Albion, MI",4.0,,-84.7530304
62,"Fremont, OH",4.0,,
63,"Washington, DC",64.0,38.9071923,-77.0368707
64,"Santa Barbara,CA",12.0,,
65,"Los Angelas, CA",4.0,34.0522342,-118.2436849
66,"Darien, IL",4.0,41.7483483,-87.9737943
67,"Ocean Township, NJ",4.0,40.2479729,-74.029843
68,"Abbeville, LA",7.0,29.9746502,-92.1342921
69,"San Francisco, CA",21.0,37.7749295,-122.4194155
70,"Hampton, VA",5.0,37.0298687,-76.3452218
71,"Madison County, AL",4.0,34.7239731,-86.4996546
72,"Tyrone, MO",9.0,,-91.8765399
73,"Menasha, WI",5.0,44.2022084,-88.4464973
74,"Philadelphia, PA",62.0,39.9525839,-75.1652215
75,"Avondale, AZ",4.0,,
76,"Louisville, KY",19.0,38.2526647,-85.7584557
77,"Ybor City, FL",4.0,27.9650212,-82.4350941
78,"Jersey City, NJ",12.0,40.7281575,-74.0776417
79,"Parsons, KS",4.0,37.3403384,-95.2610838
80,"East Germantown, PA",4.0,40.0428157,-75.1691305
81,"Hartford, CT",8.0,41.7637111,-72.6850932
82,"Manhatten, KS",4.0,39.1836082,-96.5716694
83,"Cincinnati, OH",28.0,39.1031182,-84.5120196
84,"Jackson, TN",4.0,35.6145169,-88.8139469
85,"Portland, OR",13.0,45.5230622,-122.6764816
86,"Lexington, SC",4.0,33.9815369,-81.2362107
87,"McKeesport, PA",4.0,40.3470671,-79.8641232
88,"Raleigh, NC",5.0,35.7795897,-78.6381787
89,"Oakdale, MN",5.0,44.9630216,-92.9649361
90,"Phonix, AZ",5.0,33.4483771,-112.0740373
91,"East Liverpool, OH",4.0,40.6186756,-80.5772928
92,"Seattle, WA",9.0,47.6062095,-122.3320708
93,Washington DC,15.0,38.9071923,-77.0368707
94,"Greensburg, KY",4.0,37.2608936,-85.4988548
95,"Washington Park, IL",4.0,38.6350501,-90.0928852
96,"St. Louis, MO",75.0,38.6270025,-90.1994042
97,"Stamford, CT",5.0,41.0534302,-73.5387341
98,"Dillon County, SC",5.0,34.3596012,-79.4253776
99,"Crockett County, TN",6.0,35.7812386,-89.1324866
100,"Deer Lodge, MT",5.0,46.3990941,-112.7383721
101,"Oakland, CA",35.0,37.8043637,-122.2711137
102,"Los Angeles, CA",50.0,34.0522342,-118.2436849
103,"Vanceboro, NC",4.0,35.3084953,-77.1541194
104,"San Jose, CA",5.0,37.3382082,-121.8863286
105,"Greenacres, FL",4.0,26.6276276,-80.1353896
106,"Chicago, Il",34.0,41.8781136,-87.6297982
107,"Columbia, MO",4.0,38.9517053,-92.3340724
108,"North Amityville, NY",4.0,40.6988709,-73.4098154
109,"Jacksonville, Fl",5.0,30.3321838,-81.655651
110,"Madera, CA",4.0,36.9613356,-120.0607176
111,"Akron, OH",9.0,41.0814447,-81.5190053
112,"Whitesburg, KY",4.0,37.1184318,-82.8268265
113,"Tuscaloosa, AL",5.0,33.2098407,-87.5691735
114,"Woonsocket, RI",4.0,42.0028761,-71.5147839
115,"Chicago, IL",205.0,41.8781136,-87.6297982
116,"Waynsboro, GA",4.0,33.0898731,-82.0156736
117,"Mesa, AZ",6.0,33.4151843,-111.8314724
118,"Lehigh Acres, FL",5.0,26.6253497,-81.6248026
119,"Jacksonville, FL",13.0,30.3321838,-81.655651
120,"Valdosta, GA",4.0,30.8327022,-83.2784851
121,"Bellflower, CA",4.0,33.8816818,-118.1170117
122,"Salinas, CA",11.0,36.6777372,-121.6555013
123,"Lookout Valley, TN",4.0,34.9939646,-85.3746811
124,"Englewood, IL",4.0,41.775305,-87.6416419
125,"Tulsa, OK",45.0,36.1539816,-95.992775
126,"Miami Gardens, FL",12.0,25.9420377,-80.2456045
127,"Kinloch, MO",4.0,38.7406065,-90.3253922
128,"Darlington, SC",5.0,34.2998762,-79.8761741
129,"High Point, NC",4.0,35.9556923,-80.0053176
130,"Alma, AL",4.0,31.4640524,-87.7538838
131,"LaGrange, GA",7.0,33.0362218,-85.0322444
132,"River Forest, IL",5.0,41.8978091,-87.8139483
133,"Hendersonville, NC",4.0,35.3187279,-82.4609528
134,"Habersham County, GA",5.0,34.6478893,-83.5496566
135,"Three Rivers, CA",4.0,36.4388364,-118.9045445
136,"Brooklyn (Crown Heights), NY",4.0,40.6681032,-73.9447994
137,"Waco, TX",27.0,31.549333,-97.1466695
138,"Roseville, CA",6.0,38.7521235,-121.2880059
139,"Began in Eden, TX",8.0,31.216276,-99.8456277
140,"Granger, WA",4.0,46.3420741,-120.1872727
141,"Accomack County, VA",4.0,37.7063323,-75.8069082
142,"Bridgeport, CT",14.0,41.1865478,-73.1951767
143,"Calumet City, IL",11.0,41.6155909,-87.5294871
144,"St. Petersberg, FL",4.0,27.7518284,-82.6267345
145,"Sells, AZ",5.0,31.9120215,-111.881234
146,"Lumberton, NC",4.0,34.6182199,-79.0086424
147,"Hauma, LA",4.0,29.5957696,-90.7195348
148,"Callison, SC",6.0,34.0145697,-82.1256771
149,"East Orange, NJ",4.0,40.767323,-74.2048677
150,"Mission Viejo, CA",4.0,33.6000232,-117.6719953
151,"Double Springs, AL",4.0,34.1464916,-87.4022386
152,"Houston, TX",67.0,29.7604267,-95.3698028
153,"Greenville, NC",10.0,35.612661,-77.3663538
154,"Rome, GA",4.0,34.257038,-85.1646726
155,"Meridian, MS",4.0,32.3643098,-88.703656
156,"Pine Bluff, AR",4.0,34.2284312,-92.0031955
157,"Newark, NJ",41.0,40.735657,-74.1723667
158,"Pine Hills, FL",11.0,28.5577794,-81.4534046
159,"Shreveport, LA",25.0,32.5251516,-93.7501789
160,"Lauderdale Lakes, FL",4.0,26.1664736,-80.2083806
161,"Yakima, WA",6.0,46.6020711,-120.5058987
162,"Centerville, IL",5.0,41.0655519,-90.052841
163,"Culpeper, VA",5.0,38.4729632,-77.9962512
164,"Lowell, MA",5.0,42.6334247,-71.3161718
165,"Grand Rapids, MI",4.0,42.9633599,-85.6680863
166,"Oklahoma City, OK",16.0,35.4675602,-97.5164276
167,"Erie, OH",4.0,41.4349882,-82.4752757
168,"Ottawa, KS",4.0,38.615768,-95.2686366
169,"San Carlos Park, FL",5.0,26.4673016,-81.8014742
170,"King, NC",4.0,36.2806939,-80.3592197
171,"Decatur, IL",5.0,39.8403147,-88.9548001
172,"Manson, WA",4.0,47.8847447,-120.1567011
173,"Marysville, WA",6.0,48.0517637,-122.1770818
174,"Corpus Christi, TX",4.0,27.8005828,-97.396381
175,"MOdesto, CA",16.0,37.6390972,-120.9968782
176,"Paris, TX",4.0,33.6609389,-95.555513
177,"Ocala, FL",6.0,29.1871986,-82.1400923
178,"Cyprus, TX",18.0,29.9716905,-95.6937856
179,"Troy, NY",5.0,42.7284117,-73.6917851
180,"Wilmington, CA",4.0,33.7857948,-118.2643567
181,"Raceland, LA",7.0,29.7274331,-90.5989759
182,"Toledo, OH",8.0,41.6639383,-83.555212
183,"Brooklyn Center, MN",4.0,45.076076,-93.3327283
184,"Detroit, MI",58.0,42.331427,-83.0457538
185,"Dallas, Tx",11.0,32.7766642,-96.7969879
186,"San Fernando Valley, CA",6.0,34.1825782,-118.4396756
187,"Hollister, CA",4.0,36.8524545,-121.4016021
188,"North Charlston, SC",4.0,32.8546197,-79.9748103
189,"Brooklyn (Bushwick), NY",5.0,40.6944282,-73.9212858
190,"Huntington, WV",10.0,38.4192496,-82.445154
191,"Brockton, MA",5.0,42.0834335,-71.0183787
192,"Tustin, CA",7.0,33.7458511,-117.826166
193,"Columbia, SC",4.0,34.0007104,-81.0348144
194,"Kalamazoo, MI",4.0,42.2917069,-85.5872286
195,"Detroit, Mi",47.0,42.331427,-83.0457538
196,"Chesterfield County, SC",5.0,34.6830936,-80.1428584
197,"Blytheville, AR",12.0,35.9272953,-89.9189753
198,"Dallas, TX",25.0,32.7766642,-96.7969879
199,"Manhattan, NY",9.0,40.7830603,-73.9712488
200,"Pittsburgh, PA",29.0,40.4406248,-79.9958864
201,"Florence, AL",4.0,34.79981,-87.677251
202,"Oak Lawn, IL",4.0,41.719978,-87.7479528
203,"Ashville, PA",4.0,40.5600684,-78.5486289
204,"Woodlawn, IL",4.0,41.780228,-87.5939087
205,"Sisseton, SD",5.0,45.6646815,-97.0498046
206,"Hialea, FL",7.0,25.8575963,-80.2781057
207,"San Francicsco, CA",4.0,37.7749295,-122.4194155
208,"Canton, OH",4.0,40.7989473,-81.378447
209,"Phoenix, Az",4.0,33.4483771,-112.0740373
210,"Detriot, MI",5.0,42.331427,-83.0457538
211,"Davenport, IA",5.0,41.5236437,-90.5776367
212,"West Palm Beach, FL",4.0,26.7153424,-80.0533746
213,"Suffolk, VA",4.0,36.7282054,-76.5835621
214,"Baton Rouge, LA",8.0,30.4582829,-91.1403196
215,"Oberlin, OH",4.0,41.2939386,-82.2173786
216,"Charenton, LA",4.0,29.8815936,-91.5251126
217,"Witchita, KS",7.0,37.6871761,-97.330053
218,"Breaux Bridge, LA",4.0,30.2735323,-91.8992837
219,"Kent, WA",5.0,47.3809335,-122.2348431
220,"Phoenix, AZ",23.0,33.4483771,-112.0740373
221,"Radcliff, KY",4.0,37.8403456,-85.9491298
222,"Denton, TX",4.0,33.2148412,-97.1330683
223,"Buffalo, NY",26.0,42.8864468,-78.8783689
224,"Channelview, TX",5.0,29.7760599,-95.1146533
225,"Inkster, MI",4.0,42.2942045,-83.3099303
226,"Southern Pines, NC",5.0,35.1740471,-79.3922539
227,"Sandusky, OH",7.0,41.4489396,-82.7079605
228,"Daytona Beach, FL",8.0,29.2108147,-81.0228331
229,"Arlington, TX",8.0,32.735687,-97.1080656
230,"Tucson, AZ",5.0,32.2217429,-110.926479
231,"Holly Hill, SC",5.0,33.3226624,-80.4137037
232,"Roseburg, OR",17.0,43.216505,-123.3417381
233,"Wichita, KS",13.0,37.6871761,-97.330053
234,"Manchester, IL",7.0,39.5422692,-90.3323434
235,"Springfield, MO",4.0,37.2089572,-93.2922989
236,"Fort Meyers, FL",4.0,26.640628,-81.8723084
237,"Highland, CA",5.0,34.1283442,-117.2086513
238,"Minneapolis, MN",36.0,44.977753,-93.2650108
239,"Coachella, CA",4.0,33.6803003,-116.173894
240,"West Frankfort, IL",4.0,37.8985966,-88.9233622
241,"Salem, OR",4.0,44.9428975,-123.0350963
242,"Sarasota, Fl",4.0,27.3364347,-82.5306527
243,"MOreno Valley, CA",11.0,33.9424658,-117.2296717
244,"Roanoke, VA",11.0,37.2709704,-79.9414266
245,"Kissimmee, FL",19.0,28.2919557,-81.407571
246,"Began in Riverside, CA",9.0,51.0658946,-114.0878861
247,"Salt Lake City, UT",6.0,40.7607793,-111.8910474
248,"Springfield, Ma",4.0,42.1014831,-72.589811
249,"Anchorage, AK",10.0,61.2180556,-149.9002778
250,"Taunton, MA",4.0,41.900101,-71.0897674
251,"Park Forest, IL",4.0,41.4914236,-87.6744891
252,"Nashville, TN",8.0,36.1626638,-86.7816016
253,"Opp, AL",5.0,31.2826685,-86.2555067
254,"Bradenton, FL",4.0,27.4989278,-82.5748194
255,"Westover, WV",5.0,39.6345259,-79.9697862
256,"New Orleans, LA",102.0,29.9510658,-90.0715323
257,"Muskegon, MI",4.0,43.2341813,-86.2483921
258,"Gates, NY",7.0,43.1501288,-77.6965819
259,"Gentilly, LA",4.0,30.014503,-90.0606637
260,"Galt, CA",7.0,38.2546373,-121.2999485
261,"Aurora, CO",8.0,39.7294319,-104.8319195
262,"Kentwood, MI",5.0,42.8694731,-85.6447492
263,"Barberton, OH",4.0,41.012833,-81.6051221
264,"Springdale, MD",4.0,38.9376113,-76.8388602
265,"Columbus, MO",4.0,38.8586209,-93.8907751
266,"Syracuse, NY",10.0,43.0481221,-76.1474244
267,"Columbus, MS",4.0,33.4956744,-88.4272627
268,"Merced County, CA",5.0,37.2009788,-120.7120023
269,"Pelzer, NC",4.0,35.633852,-82.5772336
270,"Orlando, FL",9.0,28.5383355,-81.3792365
271,"Cleaveland, OH",7.0,41.49932,-81.6943605
272,"Chester Township, PA",5.0,39.8517618,-75.4024228
273,"Fort Wayne, IN",9.0,41.079273,-85.1393513
274,"Aguas Buenas, PR",10.0,18.257252,-66.1050908
275,"Fairfield, Ca",4.0,38.2493581,-122.0399663
276,"El Paso, TX",6.0,31.7775757,-106.4424559
277,"Sand City, CA",4.0,36.6171819,-121.8482855
278,"Smithfield, NC",4.0,35.5084935,-78.3394455
279,"Lakeland, FL",4.0,28.0394654,-81.9498042
280,"Margate, FL",4.0,26.2445263,-80.206436
281,"Fort Wayne, In",5.0,41.079273,-85.1393513
282,"Bell, FL",8.0,29.7555125,-82.8626239
283,"Bronx, NY",14.0,40.8370495,-73.8654295
284,"Amarillo, TX",4.0,35.2219971,-101.8312969
285,"Rochester, NY",25.0,43.16103,-77.6109219
286,"MOntgomery County, PA",9.0,40.2290075,-75.3878525
287,"Belle Glade, FL",9.0,26.6845104,-80.6675577
288,"South Memphis, TN",4.0,35.0938569,-90.0466559
289,"Elgin, Il",5.0,42.0354084,-88.2825668
290,"Irvington, NJ",15.0,40.7263249,-74.2286435
291,"Aberdeen, MS",4.0,33.8251139,-88.5436553
292,"Ardmore, OK",5.0,34.1742611,-97.1436254
293,"Harbor Gateway (Los Angeles), CA",4.0,33.8067833,-118.3071031
294,"Newport News, VA",5.0,37.0870821,-76.4730122
295,"Berkeley, MO",4.0,38.7544952,-90.3312256
296,"Bennettsville, SC",5.0,34.6173803,-79.6847814
297,"Denver, CO",8.0,39.7392358,-104.990251
298,"Oak Park, MI",4.0,42.4594803,-83.1827051
299,"Bristol, TN",5.0,36.5951059,-82.1887444
300,"Platte, SD",6.0,43.3869397,-98.8445303
301,"North Rome, GA",4.0,34.257038,-85.1646726
302,"Port Norris, NJ",4.0,39.2459477,-75.035178
303,"Sauk Villiage, IL",4.0,41.4883685,-87.5675414
304,"Reno, NV",8.0,39.5296329,-119.8138027
305,"Mankato, MN",4.0,44.1635775,-93.9993996
306,"Compton, CA",4.0,33.8958492,-118.2200712
307,"Shaler, PA",4.0,40.5309184,-79.9528451
308,"Brookhaven, MS",5.0,31.5790588,-90.4406506
309,"Statesville, NC",4.0,35.7826363,-80.8872959
310,"Gary, IN",15.0,41.5933696,-87.3464271
311,"Harrington, DE",6.0,38.9237244,-75.5777033
312,"Peachtree Corners, GA",5.0,33.9698929,-84.2214551
313,"Hawthorne, CA",4.0,33.9164032,-118.3525748
314,"Johnstown, PA",4.0,40.3267407,-78.9219698
315,"MOntclair, NJ",4.0,40.8259007,-74.2090053
316,"Roy, UT",4.0,41.1616108,-112.0263313
317,"Northhampton, PA",4.0,40.6862075,-75.4968501
318,"North Liberty, IA",4.0,41.739482,-91.6080974
319,"Palo Alto, CA",5.0,37.4418834,-122.1430195
320,"Chester, PA",8.0,39.849557,-75.3557457
321,"Richmond, IN",4.0,39.8289369,-84.8902382
322,"Flint, MI",16.0,43.0125274,-83.6874562
323,"West Broward, FL",4.0,26.190096,-80.365865
324,"Fruitland Township, MI",4.0,43.3295527,-86.357952
325,"Lake Butler, FL",5.0,30.0227391,-82.3395574
326,"Defiance, OH",4.0,41.2844933,-84.3557802
327,"Washington, D.C.",4.0,38.9071923,-77.0368707
328,"Lancaster, CA",4.0,34.6867846,-118.1541632
329,"Tangelo Park, FL",4.0,28.4558386,-81.4459047
330,"Omaha, NE",20.0,41.2523634,-95.9979883
331,"Savannah, GA",10.0,32.0835407,-81.0998342
332,"San Juan, PR",5.0,18.4663338,-66.1057217
333,"Fontana, CA",4.0,34.0922335,-117.435048
334,"Knoxville, TN",8.0,35.9606384,-83.9207392
335,"Orangeburg, SC",4.0,33.4918203,-80.8556476
336,"Cartersville, GA",7.0,34.1650972,-84.7999382
337,"Livermore, CA",5.0,37.6818745,-121.7680088
338,"Cabarrus County, NC",4.0,35.4168123,-80.5882803
339,"Waynesville, IN",4.0,39.114391,-85.893517
340,"New Haven, CT",11.0,41.308274,-72.9278835
341,"Trenton, NJ",9.0,40.2170534,-74.7429384
342,"Marion, NC",4.0,35.6840131,-82.0092745
343,"Lorain, OH",5.0,41.452819,-82.1823746
344,"Douglasville, GA",7.0,33.7514966,-84.7477136
345,"Camden, NJ",4.0,39.9259463,-75.1196199
346,"Antioch, CA",7.0,38.0049214,-121.805789
347,"Erie, PA",6.0,42.1292241,-80.085059
348,"Hopewell, VA",4.0,37.3043154,-77.2872001
349,"Killeen, TX",10.0,31.1171194,-97.7277959
350,"Gastonia, NC",5.0,35.262082,-81.1873005
351,"KS City, MO",31.0,39.0997265,-94.5785667
352,"Miami-Dade, FL",17.0,25.5516034,-80.6326916
353,"Fuquay-Varina, NC",4.0,35.5843235,-78.8000128
354,"Aurora, IL",4.0,41.7605849,-88.3200715
355," Sikeston, MO",4.0,36.876719,-89.5878579
356,"Bogalusia, LA",4.0,30.7910204,-89.8486858
357,"Port Orange, FL",4.0,29.1383165,-80.9956105
358,"Wheat Ridge, CO",4.0,39.766098,-105.0772063
359,"MOneta, VA",4.0,37.1812536,-79.6172536
360,"Beaumont, TX",8.0,30.080174,-94.1265562
361,"Auburn, WA",4.0,47.3073228,-122.2284532
362,"Saginaw, Mi",4.0,43.4194699,-83.9508068
363,"Kokomo, IN",4.0,40.486427,-86.1336033
364,"Manchester, CT",4.0,41.7759301,-72.5215009
365,"Cypress, TX",4.0,29.9716905,-95.6937856
366,"Dayton, OH",11.0,39.7589478,-84.1916069
367,"Wilmington, DE",17.0,39.7390721,-75.5397878
368,"Charlotte, NC",31.0,35.2270869,-80.8431267
369,"Snellville, GA",4.0,33.857328,-84.0199108
370,"Webster, NY",5.0,43.2122851,-77.4299939
371,"Starkville, MS",5.0,33.4503998,-88.8183872
372,"Santa MOnica, CA",10.0,34.0194543,-118.4911912
373,"St Louis, MO",4.0,38.6270025,-90.1994042
374,"Shelby, NC",4.0,35.2923513,-81.5356463
375,"Beloit, WI",4.0,42.5083482,-89.0317765
376,"Baltimore, MD",66.0,39.2903848,-76.6121893
377,"Winston-Salem, NC",4.0,36.0998596,-80.244216
378,"Fresno, CA",45.0,36.7468422,-119.7725868
379,"Opa-locka, FL",4.0,25.9023168,-80.2503271
380,"Tampa, FL",9.0,27.950575,-82.4571776
381,"Sylvester, GA",7.0,31.5307349,-83.8354542
382,"Perris, CA",5.0,33.7825194,-117.2286478
383,"Norfolk, VA",26.0,36.8507689,-76.2858726
384,"Pomona, CA",13.0,34.055103,-117.7499909
385,"E. Palo Alto, CA",6.0,37.4688273,-122.1410751
386,"Forsyth County, GA",5.0,34.2358502,-84.1435136
387,"Havey, LA",5.0,29.9035387,-90.0772944
388,"Miami, FL",66.0,25.7616798,-80.1917902
389,"West Little River, FL",9.0,25.8570407,-80.2369934
390,"Oklahoma, OK",4.0,35.4675602,-97.5164276
391,"Elmhurst, IL",4.0,41.8994744,-87.9403418
392,"Columbia, TN",4.0,35.6150716,-87.0352831
393,"Whitehaven, TN",5.0,35.0277933,-90.0466559
394,"Albuquerque, NM",20.0,35.0853336,-106.6055534
395,"Panola County, MS",4.0,34.4198016,-89.9253233
396,"Brentwood, CA",4.0,37.931868,-121.6957863
397,"North Las Vegas, NV",4.0,36.1988592,-115.1175013
398,"Federal Way, WA",7.0,47.3223221,-122.3126222
399,"Los Chavez, NM",4.0,34.736851,-106.7554819
400,"Greensboro, NC",13.0,36.0726354,-79.7919754
401,"Milwaukee, WI",32.0,43.0389025,-87.9064736
402,"Camp Spring, MD",4.0,38.8040027,-76.9066396
403,"Suburban Salt Lake City (Midvale), UT",4.0,40.5941149,-111.8491003
404,"Chattanooga, TN",21.0,35.0456297,-85.3096801
405,"Elizabeth, NJ",4.0,40.6639916,-74.2107006
406,"Atlanta, Ga",4.0,33.7489954,-84.3879824
407,"Rock Falls, IL",4.0,41.7797533,-89.6889967
408,"Wyandanch, NY",4.0,40.7539878,-73.360398
409,"Venice, IL",6.0,38.6722727,-90.169832
410,"Phillidelphia, PA",6.0,39.9525839,-75.1652215
411,"Capitol Heights, MD",5.0,38.8851122,-76.9158068
412,"Brooksville, FL",4.0,28.5552719,-82.3878709
413,"Farmington, NM",4.0,36.7280583,-108.2186856
414,"Tallahassee, FL",4.0,30.4382559,-84.2807329
415,"Long Branch, NJ",4.0,40.3042778,-73.9923596
416,"Atlanta, GA",42.0,33.7489954,-84.3879824
417,"Flatbush, NY",4.0,40.6409217,-73.9624327
418,"Greenville, GA",10.0,33.0287373,-84.7129848
419,"Salem City, NJ",4.0,39.5717796,-75.4671423
420,"Rockford, IL",19.0,42.2711311,-89.0939952
421,"Harrisburg, PA",8.0,40.2731911,-76.8867008
422,"Herkimer, NY",7.0,43.0256259,-74.9859889
423,"Myrtle Beach, SC",4.0,33.6890603,-78.8866943
424,"Fernley, NV",5.0,39.6079683,-119.2518349
425,"Clarksburg, WV",4.0,39.2806451,-80.3445341
426,"Clairton, PA",6.0,40.292292,-79.881715
427,"Weir, TX",5.0,30.6749425,-97.5861701
428,"Tuskegee, AL",5.0,32.430237,-85.7077266
429,"Baker, LA",4.0,30.5882429,-91.168163
430,"MOntgomery, AL",21.0,32.3668052,-86.2999689
431,"Kileen, TX",24.0,31.1171194,-97.7277959
432,"Renegade MOuntain, TN",4.0,35.8823309,-84.8522294
433,"Plainfield, NJ",4.0,40.6337136,-74.4073736
434,"North Charleston, SC",4.0,32.8546197,-79.9748103
435,"Norcross, GA",4.0,33.9412127,-84.2135309
436,"Cadiz, KY",4.0,36.8650496,-87.835295
437,"Tampa Bay, FL",4.0,27.7495159,-82.5834947
438,"Clarksville, TN",9.0,36.5297706,-87.3594528
439,"New Port Richey, FL",4.0,28.2441768,-82.7192671
440,"Banning, CA",4.0,33.9255713,-116.8764103
441,"Richmond, Ca",4.0,37.9357576,-122.3477486
442,"Stopover, KY",4.0,37.5159411,-82.09124
443,"Skyline, WA",5.0,48.483158,-122.684618
444,"Tarboro, NC",4.0,35.8968236,-77.5358049
445,"Pontiac, MI",7.0,42.6389216,-83.2910468
446,"Merced, CA",4.0,37.3021632,-120.4829677
447,"Hamilton Township, NJ",5.0,40.2115109,-74.6796651
448,"Starr County, TX",4.0,26.6215167,-98.7481167
449,"Macon, GA",27.0,32.8406946,-83.6324022
450,"Apache Junction, AZ",4.0,33.4150485,-111.5495777
451,"Gila Bend, AZ",4.0,32.9478236,-112.7168305
452,"Centreville, IL",4.0,38.5833842,-90.125109
453,"Lancaster, TX",6.0,32.5920798,-96.7561082
454,"Boston, MA",18.0,42.3600825,-71.0588801
455,"Hope Mills, NC",7.0,34.9704419,-78.9453056
456,"Fort Worth, Tx",5.0,32.7554883,-97.3307658
457,"Spanish Fork, UT",5.0,40.114955,-111.654923
458,"New York (Queens), NY",4.0,40.7282239,-73.7948516
459,"Joliet, IL",8.0,41.525031,-88.0817251
460,"Frayser, TN",5.0,35.203847,-90.0466559
461,"Sacramento, CA",35.0,38.5815719,-121.4943996
462,"Brooklyn, NY",75.0,40.6781784,-73.9441579
463,"Broad Ripple, IN",11.0,39.8686846,-86.1340693
464,"Fort Worth, TX",10.0,32.7554883,-97.3307658
465,"Shoreview, MN",4.0,45.0791325,-93.1471667
466,"Las Piedras, PR",6.0,18.2025991,-65.8441742
467,"Olivehurst, CA",4.0,39.0954484,-121.5521858
468,"Birmingham, AL",4.0,33.5206608,-86.80249
469,"MOntgomory, IL",6.0,41.730585,-88.3459048
470,"Little Rock, AR",4.0,34.7464809,-92.2895948
471,"Conyers, GA",4.0,33.6676103,-84.0176904
472,"Oklahoma City, Ok",4.0,35.4675602,-97.5164276
473,"Vallejo, CA",21.0,38.1040864,-122.2566367
474,"Colorado Springs, CO",5.0,38.8338816,-104.8213634
475,"MOultrie, GA",4.0,31.1799407,-83.7888387
476,"Red Springs, NC",4.0,34.8151633,-79.183091
477,"Springfield, OH",8.0,39.9242266,-83.8088171
478,"Santa Ana, CA",5.0,33.7455731,-117.8678338
479,"Houston County, AL",4.0,31.1318686,-85.3136218
480,"Topeka, KS",8.0,39.0558235,-95.6890185
481,"San Bernadino, CA",7.0,34.1083449,-117.2897652
482,"New Bedford, MA",7.0,41.6362152,-70.934205
483,"Durham, NC",8.0,35.9940329,-78.898619
484,"San Diego, CA",12.0,32.715738,-117.1610838
485,"Forest, MS",4.0,32.3645888,-89.4742348
486,"Slidell, LA",8.0,30.2751945,-89.7811745
487,"Long Beach, CA",21.0,33.7700504,-118.1937395
488,"Florida City, FL",4.0,25.4478898,-80.4792237
489,"Medford, NY",4.0,40.8175985,-73.0001068
490,"Providence, RI",9.0,41.8239891,-71.4128343
491,"Calais, ME",4.0,45.1889633,-67.2786038
492,"Ridgecrest, CA",4.0,35.6224561,-117.6708966
493,"Lea County (Hobbs), NM",4.0,32.7026116,-103.1360403
494," Fort Bend County, TX",4.0,29.5692614,-95.8142885
495,"Pompano Beach, FL",4.0,26.2378597,-80.1247667
496,"East St. Louis, IL",4.0,38.624514,-90.1506465
497,"Columbus, OH",24.0,39.9611755,-82.9987942
498,"Herndon, VA",4.0,38.9695545,-77.3860976
499,"Utica, NY",5.0,43.100903,-75.232664
500,"Charleston, SC",13.0,32.7764749,-79.9310512
501,"MOscow, ID",4.0,46.7323875,-117.0001651
502,"Los Banos, CA",4.0,37.0582786,-120.8499151
503,"Vineland, NJ",4.0,39.4863773,-75.0259637
504,"Lexington, KY",14.0,38.0405837,-84.5037164
505,"Rice, TX",5.0,32.2437586,-96.4985966
506,"Tabernacle, NJ",4.0,39.8433853,-74.7107048
507,"Cleveland, OH",23.0,41.49932,-81.6943605
508,"Columbus, GA",5.0,32.4609764,-84.9877094
509,"Winton Hills, OH",5.0,39.1866941,-84.5169757
510,"New York, NY",8.0,40.7127837,-74.0059413
511,"Rockford, Il",4.0,42.2711311,-89.0939952
512,"Richmond, VA",12.0,37.5407246,-77.4360481
513,"Campbell, OH",5.0,41.0783918,-80.5992396
514,"Pleasant Valley, NY",4.0,41.7445382,-73.8212439
515,"Saginaw, MI",8.0,43.4194699,-83.9508068
516,"Las Vegas, NV",39.0,36.1699412,-115.1398296
517,"Lafayette, LA",12.0,30.2240897,-92.0198427
518,"Lillington, NC",4.0,35.399327,-78.8158528
519,"Jefferson County, AL",4.0,33.4914122,-86.9824288
520,"Cobb County, GA",11.0,33.8999297,-84.564147
521,"Barre, VT",4.0,44.1970055,-72.5020494
522,"Muskegon Heights, MI",4.0,43.2011264,-86.2389464
523,"Erwin, TN",4.0,36.1451082,-82.4168055
524,"Jonesboro, AR",8.0,35.8422967,-90.704279
525,"Paterson, NJ",15.0,40.9167654,-74.171811
526,"Arlington, VA",4.0,38.8799697,-77.1067698
527,"Kingsessing, PA",4.0,39.9391535,-75.221652
528,"Williamsport, PA",5.0,41.2411897,-77.0010786
529,"Navajo Nation, AZ",4.0,36.0672173,-109.1880047
530,"Saco, ME",5.0,43.5009176,-70.4428286
